M,y, ,m,o,m,m,a, ,c,a,l,l,e,d,",", ,“,S,e,e,n, ,y,o,u, ,o,n, ,T,V,",", ,s,o,n,",",”
[,Ï,ð,è,ï,å,â,:, ,P,o,s,t, ,M,a,l,o,n,e,]
M,y, ,m,o,m,m,a, ,c,a,l,l,e,d,",", ,“,S,e,e,n, ,y,o,u, ,o,n, ,T,V,",", ,s,o,n,",",”
Ï,î,ç,â,î,í,è,ë,à, ,ì,à,ì,à,:, ,"""",Â,è,ä,å,ë,à, ,ò,å,á,ÿ, ,ï,î, ,ò,å,ë,å,â,è,ç,î,ð,ó,",", ,ñ,û,í,î,ê,"""",",", ,—
M,y, ,m,o,m,m,a, ,c,a,l,l,e,d,",", ,“,S,e,e,n, ,y,o,u, ,o,n, ,T,V,",", ,s,o,n,",",”
Ñ,ê,à,ç,à,ë,à,",", ,÷,ò,î, ,ì,í,î,ã,î,å, ,ï,î,ì,å,í,ÿ,ë,î,ñ,ü,",", ,ñ, ,ò,å,õ, ,ï,î,ð, ,ê,à,ê, ,ì,û, ,æ,è,ë,è, ,â,ì,å,ñ,ò,å,.
M,y, ,m,o,m,m,a, ,c,a,l,l,e,d,",", ,“,S,e,e,n, ,y,o,u, ,o,n, ,T,V,",", ,s,o,n,",",”
ß, ,ì,å,÷,ò,à,ë, ,î,á,î, ,â,ñ,¸,ì, ,ý,ò,î,ì, ,ñ,û,ç,ì,à,ë,ü,ñ,ò,â,à,","
M,y, ,m,o,m,m,a, ,c,a,l,l,e,d,",", ,“,S,e,e,n, ,y,o,u, ,o,n, ,T,V,",", ,s,o,n,",",”
Ì,í,å, ,ã,î,â,î,ð,è,ë,è,",", ,÷,ò,î, ,ÿ, ,í,è,÷,å,ã,î, ,í,å, ,ä,î,á,ü,þ,ñ,ü,","
M,y, ,m,o,m,m,a, ,c,a,l,l,e,d,",", ,“,S,e,e,n, ,y,o,u, ,o,n, ,T,V,",", ,s,o,n,",",”
À, ,ò,å,ï,å,ð,ü, ,ï,î,ñ,ò,î,ÿ,í,í,î, ,ã,î,â,î,ð,ÿ,ò,:, ,"""",Ï,î,ç,ä,ð,à,â,ë,ÿ,å,ì,!,""""
M,y, ,m,o,m,m,a, ,c,a,l,l,e,d,",", ,“,S,e,e,n, ,y,o,u, ,o,n, ,T,V,",", ,s,o,n,",",”
Ñ,ò,î,ë,ü,ê,î, ,ð,à,á,î,ò,à,ë,",", ,÷,ò,î, ,ç,à,á,û,ë,",", ,ê,à,ê, ,î,ò,ä,û,õ,à,ò,ü,","
M,y, ,m,o,m,m,a, ,c,a,l,l,e,d,",", ,“,S,e,e,n, ,y,o,u, ,o,n, ,T,V,",", ,s,o,n,",",”
Ó, ,í,è,õ, ,í,è,ê,î,ã,ä,à, ,í,å, ,á,û,ë,î, ,ò,à,ê,î,é, ,ñ,à,ì,î,î,ò,ä,à,÷,è,","
M,y, ,m,o,m,m,a, ,c,a,l,l,e,d,",", ,“,S,e,e,n, ,y,o,u, ,o,n, ,T,V,",", ,s,o,n,",",”
Í,à,ð,î,ä, ,ç,ë,î,á,ñ,ò,â,ó,å,ò,",", ,ã,î,â,î,ð,è,ò,",", ,ì,û, ,è,ç,ì,å,í,è,ë,è,ñ,ü,",", ,à, ,ñ,ì,î,ò,ð,è,ò,å,-,ê,à,",", ,ì,û, ,ï,ð,å,ó,ñ,ï,å,ë,è,","
M,y, ,m,o,m,m,a, ,c,a,l,l,e,d,",", ,“,S,e,e,n, ,y,o,u, ,o,n, ,T,V,",", ,s,o,n,",",”
Ä,à,",", ,ì,û, ,ä,î,á,è,ë,è,ñ,ü, ,ó,ñ,ï,å,õ,à,!
M,y, ,m,o,m,m,a, ,c,a,l,l,e,d,",", ,“,S,e,e,n, ,y,o,u, ,o,n, ,T,V,",", ,s,o,n,",",”
[,Ê,ó,ï,ë,å,ò, ,1,:, ,P,o,s,t, ,M,a,l,o,n,e,]
M,y, ,m,o,m,m,a, ,c,a,l,l,e,d,",", ,“,S,e,e,n, ,y,o,u, ,o,n, ,T,V,",", ,s,o,n,",",”
Î,í,è, ,í,å, ,á,û,ë,è, ,ä,ð,ó,æ,å,ë,þ,á,í,û,ì,è,",", ,à,ã,à,!
M,y, ,m,o,m,m,a, ,c,a,l,l,e,d,",", ,“,S,e,e,n, ,y,o,u, ,o,n, ,T,V,",", ,s,o,n,",",”
À, ,ò,å,ï,å,ð,ü, ,ÿ, ,â,û,ï,ð,û,ã,è,â,à,þ, ,è,ç, ,"""",Á,å,í,ò,ë,è,"""",",", ,à,ã,à,!
M,y, ,m,o,m,m,a, ,c,a,l,l,e,d,",", ,“,S,e,e,n, ,y,o,u, ,o,n, ,T,V,",", ,s,o,n,",",”
ß, ,ç,í,à,þ,",", ,÷,ò,î, ,ý,ò,î, ,ï,ð,î,ç,â,ó,÷,è,ò, ,ä,ð,à,ì,à,ò,è,÷,í,î,",", ,à,ã,à,!
M,y, ,m,o,m,m,a, ,c,a,l,l,e,d,",", ,“,S,e,e,n, ,y,o,u, ,o,n, ,T,V,",", ,s,o,n,",",”
Í,î, ,ÿ, ,ç,í,à,þ,",", ,÷,ò,î, ,ä,î,ë,æ,å,í, ,á,û,ë, ,ð,à,ç,á,î,ã,à,ò,å,ò,ü,",", ,à,ã,à,!
M,y, ,m,o,m,m,a, ,c,a,l,l,e,d,",", ,“,S,e,e,n, ,y,o,u, ,o,n, ,T,V,",", ,s,o,n,",",”
Ð,à,ä,è, ,ä,å,í,å,ã, ,ÿ, ,ä,è,ê,à,ð,ñ,ò,â,ó,þ,",", ,à,ã,à,!
M,y, ,m,o,m,m,a, ,c,a,l,l,e,d,",", ,“,S,e,e,n, ,y,o,u, ,o,n, ,T,V,",", ,s,o,n,",",”
Ì,å,í,ÿ, ,ï,î, ,í,è,ì, ,ë,î,ì,à,å,ò,",", ,ê,à,ê, ,í,à,ð,ê,î,ì,à,í,à,",", ,à,ã,à,!
M,y, ,m,o,m,m,a, ,c,a,l,l,e,d,",", ,“,S,e,e,n, ,y,o,u, ,o,n, ,T,V,",", ,s,o,n,",",”
Ï,î,ï,à,ë, ,â, ,î,ê,ð,ó,æ,å,í,è,å,:, ,ä,â,à,ä,ö,à,ò,ü, ,î,ò,ï,à,ä,í,û,õ, ,ò,¸,ë,î,ê,",", ,à,ã,à,!
M,y, ,m,o,m,m,a, ,c,a,l,l,e,d,",", ,“,S,e,e,n, ,y,o,u, ,o,n, ,T,V,",", ,s,o,n,",",”
Í,î, ,â, ,ï,ð,î,ø,ë,î,ì, ,ã,î,ä,ó, ,î,í,è, ,ì,å,í,ÿ, ,í,å, ,ç,í,à,ë,è,",", ,à,ã,à,!
M,y, ,m,o,m,m,a, ,c,a,l,l,e,d,",", ,“,S,e,e,n, ,y,o,u, ,o,n, ,T,V,",", ,s,o,n,",",”
Â,ñ,å, ,õ,î,ò,ÿ,ò, ,ï,ð,è,ò,â,î,ð,ÿ,ò,ü,ñ,ÿ, ,â,à,æ,í,û,ì,è,","
M,y, ,m,o,m,m,a, ,c,a,l,l,e,d,",", ,“,S,e,e,n, ,y,o,u, ,o,n, ,T,V,",", ,s,o,n,",",”
Í,î, ,â,ñ,¸, ,ý,ò,î, ,í,å,â,à,æ,í,î,",", ,ê,î,ã,ä,à, ,ÿ, ,ó,â,è,ä,å,ë, ,ñ,â,î,å,ã,î, ,ê,å,í,ò,à,","
M,y, ,m,o,m,m,a, ,c,a,l,l,e,d,",", ,“,S,e,e,n, ,y,o,u, ,o,n, ,T,V,",", ,s,o,n,",",”
Â,ñ,å, ,ð,à,ñ,ñ,÷,è,ò,û,â,à,þ,ò, ,í,à, ,ì,å,í,ÿ,",", ,ý,ò,î, ,ì,í,î,ã,î, ,è,ë,è, ,ì,à,ë,î,","
M,y, ,m,o,m,m,a, ,c,a,l,l,e,d,",", ,“,S,e,e,n, ,y,o,u, ,o,n, ,T,V,",", ,s,o,n,",",”
Â,ñ,å, ,ï,î,ä,ê,à,ò,û,â,à,þ,ò,",", ,á,ó,ä,ò,î, ,ÿ, ,í,à, ,ä,í,å,",", ,ä,à,-,ä,à,!
M,y, ,m,o,m,m,a, ,c,a,l,l,e,d,",", ,“,S,e,e,n, ,y,o,u, ,o,n, ,T,V,",", ,s,o,n,",",”
Å,ñ,ë,è, ,â,û, ,ì,ó,ò,è,ò,å, ,ñ, ,ï,î,á,å,ä,è,ò,å,ë,ÿ,ì,è,",", ,ï,î,ä,í,è,ì,è,ò,å, ,ñ,â,î,è, ,ç,à,æ,è,ã,à,ë,ê,è,!
M,y, ,m,o,m,m,a, ,c,a,l,l,e,d,",", ,“,S,e,e,n, ,y,o,u, ,o,n, ,T,V,",", ,s,o,n,",",”
Ê,à,ê, ,ÿ, ,ì,î,ã,ó, ,ç,ä,ð,à,â,î, ,ì,û,ñ,ë,è,ò,ü,",", ,ê,î,ã,ä,à, ,ä,ó,ì,à,þ, ,î, ,ì,è,ë,ë,è,î,í,à,õ,?
M,y, ,m,o,m,m,a, ,c,a,l,l,e,d,",", ,“,S,e,e,n, ,y,o,u, ,o,n, ,T,V,",", ,s,o,n,",",”
Ë,å,ç,å,ø,ü, ,ñ, ,ý,ò,î,é, ,õ,*,*,í,î,ò,å,í,ü,þ,",", ,ÿ, ,ï,ð,î,ñ,ò,î, ,î,ò,ñ,ò,à,â,ë,þ, ,å,¸,","
M,y, ,m,o,m,m,a, ,c,a,l,l,e,d,",", ,“,S,e,e,n, ,y,o,u, ,o,n, ,T,V,",", ,s,o,n,",",”
Ø,è,ê,ó,þ, ,ñ, ,ì,ë,à,ä,å,í,÷,å,ñ,ò,â,à,",", ,ý,ò,î, ,â,è,ä,í,î, ,ï,î, ,ì,î,è,ì, ,ã,ë,à,ç,à,ì,","
M,y, ,m,o,m,m,a, ,c,a,l,l,e,d,",", ,“,S,e,e,n, ,y,o,u, ,o,n, ,T,V,",", ,s,o,n,",",”
[,Ï,ð,è,ï,å,â,:, ,P,o,s,t, ,M,a,l,o,n,e,]
M,y, ,m,o,m,m,a, ,c,a,l,l,e,d,",", ,“,S,e,e,n, ,y,o,u, ,o,n, ,T,V,",", ,s,o,n,",",”
Ï,î,ç,â,î,í,è,ë,à, ,ì,à,ì,à,:, ,"""",Â,è,ä,å,ë,à, ,ò,å,á,ÿ, ,ï,î, ,ò,å,ë,å,â,è,ç,î,ð,ó,",", ,ñ,û,í,î,ê,"""",",", ,—
M,y, ,m,o,m,m,a, ,c,a,l,l,e,d,",", ,“,S,e,e,n, ,y,o,u, ,o,n, ,T,V,",", ,s,o,n,",",”
Ñ,ê,à,ç,à,ë,à,",", ,÷,ò,î, ,ì,í,î,ã,î,å, ,ï,î,ì,å,í,ÿ,ë,î,ñ,ü,",", ,ñ, ,ò,å,õ, ,ï,î,ð, ,ê,à,ê, ,ì,û, ,æ,è,ë,è, ,â,ì,å,ñ,ò,å,.
M,y, ,m,o,m,m,a, ,c,a,l,l,e,d,",", ,“,S,e,e,n, ,y,o,u, ,o,n, ,T,V,",", ,s,o,n,",",”
ß, ,ì,å,÷,ò,à,ë, ,î,á,î, ,â,ñ,¸,ì, ,ý,ò,î,ì, ,ñ,û,ç,ì,à,ë,ü,ñ,ò,â,à,","
M,y, ,m,o,m,m,a, ,c,a,l,l,e,d,",", ,“,S,e,e,n, ,y,o,u, ,o,n, ,T,V,",", ,s,o,n,",",”
Ì,í,å, ,ã,î,â,î,ð,è,ë,è,",", ,÷,ò,î, ,ÿ, ,í,è,÷,å,ã,î, ,í,å, ,ä,î,á,ü,þ,ñ,ü,","
M,y, ,m,o,m,m,a, ,c,a,l,l,e,d,",", ,“,S,e,e,n, ,y,o,u, ,o,n, ,T,V,",", ,s,o,n,",",”
À, ,ò,å,ï,å,ð,ü, ,ï,î,ñ,ò,î,ÿ,í,í,î, ,ã,î,â,î,ð,ÿ,ò,:, ,"""",Ï,î,ç,ä,ð,à,â,ë,ÿ,å,ì,!,""""
M,y, ,m,o,m,m,a, ,c,a,l,l,e,d,",", ,“,S,e,e,n, ,y,o,u, ,o,n, ,T,V,",", ,s,o,n,",",”
Ñ,ò,î,ë,ü,ê,î, ,ð,à,á,î,ò,à,ë,",", ,÷,ò,î, ,ç,à,á,û,ë,",", ,ê,à,ê, ,î,ò,ä,û,õ,à,ò,ü,","
M,y, ,m,o,m,m,a, ,c,a,l,l,e,d,",", ,“,S,e,e,n, ,y,o,u, ,o,n, ,T,V,",", ,s,o,n,",",”
Ó, ,í,è,õ, ,í,è,ê,î,ã,ä,à, ,í,å, ,á,û,ë,î, ,ò,à,ê,î,é, ,ñ,à,ì,î,î,ò,ä,à,÷,è,","
M,y, ,m,o,m,m,a, ,c,a,l,l,e,d,",", ,“,S,e,e,n, ,y,o,u, ,o,n, ,T,V,",", ,s,o,n,",",”
Í,à,ð,î,ä, ,ç,ë,î,á,ñ,ò,â,ó,å,ò,",", ,ã,î,â,î,ð,è,ò,",", ,ì,û, ,è,ç,ì,å,í,è,ë,è,ñ,ü,",", ,à, ,ñ,ì,î,ò,ð,è,ò,å,-,ê,à,",", ,ì,û, ,ï,ð,å,ó,ñ,ï,å,ë,è,","
M,y, ,m,o,m,m,a, ,c,a,l,l,e,d,",", ,“,S,e,e,n, ,y,o,u, ,o,n, ,T,V,",", ,s,o,n,",",”
Ä,à,",", ,ì,û, ,ä,î,á,è,ë,è,ñ,ü, ,ó,ñ,ï,å,õ,à,!
M,y, ,m,o,m,m,a, ,c,a,l,l,e,d,",", ,“,S,e,e,n, ,y,o,u, ,o,n, ,T,V,",", ,s,o,n,",",”
[,Ê,ó,ï,ë,å,ò, ,2,:, ,Q,u,a,v,o,]
M,y, ,m,o,m,m,a, ,c,a,l,l,e,d,",", ,“,S,e,e,n, ,y,o,u, ,o,n, ,T,V,",", ,s,o,n,",",”
ß, ,á,û,ë, ,ò,å,ð,ï,å,ë,è,â,",", ,ä,à,!
M,y, ,m,o,m,m,a, ,c,a,l,l,e,d,",", ,“,S,e,e,n, ,y,o,u, ,o,n, ,T,V,",", ,s,o,n,",",”
ß, ,á,û,ë, ,ò,å,ð,ï,å,ë,è,â,",", ,ý,é,!
M,y, ,m,o,m,m,a, ,c,a,l,l,e,d,",", ,“,S,e,e,n, ,y,o,u, ,o,n, ,T,V,",", ,s,o,n,",",”
Ò,å,ï,å,ð,ü, ,ì,î,ã,ó, ,ï,ð,î,ê,ð,è,÷,à,ò,ü,",", ,÷,ò,î, ,ó, ,í,à,ñ, ,ï,î,ë,ó,÷,è,ë,î,ñ,ü,","
M,y, ,m,o,m,m,a, ,c,a,l,l,e,d,",", ,“,S,e,e,n, ,y,o,u, ,o,n, ,T,V,",", ,s,o,n,",",”
Ò,å,ï,å,ð,ü, ,ê,ó,ä,à, ,á,û, ,ÿ, ,í,è, ,ï,î,ø,¸,ë,",", ,ì,í,å, ,ã,î,â,î,ð,ÿ,ò,:, ,"""",Ï,î,ç,ä,ð,à,â,ë,ÿ,å,ì,!,""""
M,y, ,m,o,m,m,a, ,c,a,l,l,e,d,",", ,“,S,e,e,n, ,y,o,u, ,o,n, ,T,V,",", ,s,o,n,",",”
Ì,î,ë,î,ä,î,é, ,í,*,ã,ã,å,ð,",", ,ì,î,ë,î,ä,î,é, ,í,*,ã,ã,å,ð,",", ,â,û,ï,ó,ñ,ê,í,î,é,","
M,y, ,m,o,m,m,a, ,c,a,l,l,e,d,",", ,“,S,e,e,n, ,y,o,u, ,o,n, ,T,V,",", ,s,o,n,",",”
ß, ,ê,ó,ï,è,ë, ,ñ,å,á,å, ,ê,à,ì,å,ø,å,ê, ,è, ,ø,è,ê,ó,þ,",", ,ä,å,ò,ê,à,","
M,y, ,m,o,m,m,a, ,c,a,l,l,e,d,",", ,“,S,e,e,n, ,y,o,u, ,o,n, ,T,V,",", ,s,o,n,",",”
ß, ,è,ù,ó, ,ê,î,ã,î, ,á,û, ,ï,ð,è,ã,ë,à,ñ,è,ò,ü,",", ,ä,å,ò,ê,à,","
M,y, ,m,o,m,m,a, ,c,a,l,l,e,d,",", ,“,S,e,e,n, ,y,o,u, ,o,n, ,T,V,",", ,s,o,n,",",”
Í,î, ,ñ,å,é,÷,à,ñ, ,ó, ,ì,å,í,ÿ, ,ñ,è,ò,ó,¸,â,è,í,à,:
M,y, ,m,o,m,m,a, ,c,a,l,l,e,d,",", ,“,S,e,e,n, ,y,o,u, ,o,n, ,T,V,",", ,s,o,n,",",”
Ð,ÿ,ä,î,ì, ,ò,î,ë,ü,ê,î, ,ñ,ò,à,ð,è,í,û, ,Á,å,í,û, ,Ô,ð,à,í,ê,ë,è,í,û,., , 
M,y, ,m,o,m,m,a, ,c,a,l,l,e,d,",", ,“,S,e,e,n, ,y,o,u, ,o,n, ,T,V,",", ,s,o,n,",",”
Á,î,ë,ü,ø,è,å, ,ï,å,ð,ñ,ò,í,è,",", ,ø,à,ì,ï,à,í,ñ,ê,î,å,","
M,y, ,m,o,m,m,a, ,c,a,l,l,e,d,",", ,“,S,e,e,n, ,y,o,u, ,o,n, ,T,V,",", ,s,o,n,",",”
Ì,î,ÿ, ,æ,è,ç,í,ü, ,ê,à,ê, ,ì,à,ò,÷,","
M,y, ,m,o,m,m,a, ,c,a,l,l,e,d,",", ,“,S,e,e,n, ,y,o,u, ,o,n, ,T,V,",", ,s,o,n,",",”
Ò,î,ë,ü,ê,î, ,ÿ, ,â, ,ï,ð,è,ò,î,í,å,","
M,y, ,m,o,m,m,a, ,c,a,l,l,e,d,",", ,“,S,e,e,n, ,y,o,u, ,o,n, ,T,V,",", ,s,o,n,",",”
Ê,à,ñ,ò,ð,þ,ë,ÿ, ,ò,à,ê,à,ÿ, ,á,î,ë,ü,ø,à,ÿ,",", ,í,à,ç,û,â,à,é,ò,å, ,å,¸, ,Ñ,ó,ï,å,ð,ê,ó,á,ê,î,ì,., , 
M,y, ,m,o,m,m,a, ,c,a,l,l,e,d,",", ,“,S,e,e,n, ,y,o,u, ,o,n, ,T,V,",", ,s,o,n,",",”
Ñ,ó,ï,å,ð,ê,ó,á,î,ê,",", ,ç,î,â,è,ò,å, ,á,ë,*,*,å,é,",", ,ç,à,ë,å,ç,à,é,ò,å, ,â, ,Ð,î,ë,ë,ñ,-,Ð,î,é,ñ,","
M,y, ,m,o,m,m,a, ,c,a,l,l,e,d,",", ,“,S,e,e,n, ,y,o,u, ,o,n, ,T,V,",", ,s,o,n,",",”
Î,á,ð,à,ç, ,æ,è,ç,í,è, ,â,å,ð,õ,í,è,õ, ,ý,ò,à,æ,å,é,",", ,Õ,à,í,÷,î, ,è, ,Ï,î,ñ,ò, , 
M,y, ,m,o,m,m,a, ,c,a,l,l,e,d,",", ,“,S,e,e,n, ,y,o,u, ,o,n, ,T,V,",", ,s,o,n,",",”
Ì,à,ë,î,ó,í,",", ,ì,í,å, ,å,ù,¸, ,ð,à,ç,ð,ó,ë,è,â,à,ò,ü, ,ï,î, ,ò,å,ë,å,ô,î,í,ó,",", ,ý,é,!
M,y, ,m,o,m,m,a, ,c,a,l,l,e,d,",", ,“,S,e,e,n, ,y,o,u, ,o,n, ,T,V,",", ,s,o,n,",",”
Â,û, ,ç,í,à,å,ò,å,",", ,÷,å,ã,î, ,ÿ, ,õ,î,÷,ó,",", ,ý,é,!
M,y, ,m,o,m,m,a, ,c,a,l,l,e,d,",", ,“,S,e,e,n, ,y,o,u, ,o,n, ,T,V,",", ,s,o,n,",",”
Õ,î,í,÷,î, ,Ã,ó,ä,è,í,è, ,ç,à,ê,î,í,÷,è,ë,",", ,ý,é,!
M,y, ,m,o,m,m,a, ,c,a,l,l,e,d,",", ,“,S,e,e,n, ,y,o,u, ,o,n, ,T,V,",", ,s,o,n,",",”
[,Ï,ð,è,ï,å,â,:, ,P,o,s,t, ,M,a,l,o,n,e,]
M,y, ,m,o,m,m,a, ,c,a,l,l,e,d,",", ,“,S,e,e,n, ,y,o,u, ,o,n, ,T,V,",", ,s,o,n,",",”
Ï,î,ç,â,î,í,è,ë,à, ,ì,à,ì,à,:, ,"""",Â,è,ä,å,ë,à, ,ò,å,á,ÿ, ,ï,î, ,ò,å,ë,å,â,è,ç,î,ð,ó,",", ,ñ,û,í,î,ê,"""",",", ,—
M,y, ,m,o,m,m,a, ,c,a,l,l,e,d,",", ,“,S,e,e,n, ,y,o,u, ,o,n, ,T,V,",", ,s,o,n,",",”
Ñ,ê,à,ç,à,ë,à,",", ,÷,ò,î, ,ì,í,î,ã,î,å, ,ï,î,ì,å,í,ÿ,ë,î,ñ,ü,",", ,ñ, ,ò,å,õ, ,ï,î,ð, ,ê,à,ê, ,ì,û, ,æ,è,ë,è, ,â,ì,å,ñ,ò,å,.
M,y, ,m,o,m,m,a, ,c,a,l,l,e,d,",", ,“,S,e,e,n, ,y,o,u, ,o,n, ,T,V,",", ,s,o,n,",",”
ß, ,ì,å,÷,ò,à,ë, ,î,á,î, ,â,ñ,¸,ì, ,ý,ò,î,ì, ,ñ,û,ç,ì,à,ë,ü,ñ,ò,â,à,","
M,y, ,m,o,m,m,a, ,c,a,l,l,e,d,",", ,“,S,e,e,n, ,y,o,u, ,o,n, ,T,V,",", ,s,o,n,",",”
Ì,í,å, ,ã,î,â,î,ð,è,ë,è,",", ,÷,ò,î, ,ÿ, ,í,è,÷,å,ã,î, ,í,å, ,ä,î,á,ü,þ,ñ,ü,","
M,y, ,m,o,m,m,a, ,c,a,l,l,e,d,",", ,“,S,e,e,n, ,y,o,u, ,o,n, ,T,V,",", ,s,o,n,",",”
À, ,ò,å,ï,å,ð,ü, ,ï,î,ñ,ò,î,ÿ,í,í,î, ,ã,î,â,î,ð,ÿ,ò,:, ,"""",Ï,î,ç,ä,ð,à,â,ë,ÿ,å,ì,!,""""
M,y, ,m,o,m,m,a, ,c,a,l,l,e,d,",", ,“,S,e,e,n, ,y,o,u, ,o,n, ,T,V,",", ,s,o,n,",",”
Ñ,ò,î,ë,ü,ê,î, ,ð,à,á,î,ò,à,ë,",", ,÷,ò,î, ,ç,à,á,û,ë,",", ,ê,à,ê, ,î,ò,ä,û,õ,à,ò,ü,","
M,y, ,m,o,m,m,a, ,c,a,l,l,e,d,",", ,“,S,e,e,n, ,y,o,u, ,o,n, ,T,V,",", ,s,o,n,",",”
Ó, ,í,è,õ, ,í,è,ê,î,ã,ä,à, ,í,å, ,á,û,ë,î, ,ò,à,ê,î,é, ,ñ,à,ì,î,î,ò,ä,à,÷,è,","
M,y, ,m,o,m,m,a, ,c,a,l,l,e,d,",", ,“,S,e,e,n, ,y,o,u, ,o,n, ,T,V,",", ,s,o,n,",",”
Í,à,ð,î,ä, ,ç,ë,î,á,ñ,ò,â,ó,å,ò,",", ,ã,î,â,î,ð,è,ò,",", ,ì,û, ,è,ç,ì,å,í,è,ë,è,ñ,ü,",", ,à, ,ñ,ì,î,ò,ð,è,ò,å,-,ê,à,",", ,ì,û, ,ï,ð,å,ó,ñ,ï,å,ë,è,","
M,y, ,m,o,m,m,a, ,c,a,l,l,e,d,",", ,“,S,e,e,n, ,y,o,u, ,o,n, ,T,V,",", ,s,o,n,",",”
Ä,à,",", ,ì,û, ,ä,î,á,è,ë,è,ñ,ü, ,ó,ñ,ï,å,õ,à,!
